COVID-related,covid
COVID-related,covid19
COVID-related,covid-19
COVID-related,covid 19
COVID-related,coronavirus
COVID-related,corona virus
COVID-related,pandemic
COVID-related,quarantine
COVID-related,community spread
COVID-related,social distancing
COVID-related,antibodies tests
COVID-related,vaccine
COVID-related,SARS-CoV-2
COVID-related,face covering
COVID-related,mask
COVID-related,Pfizer
COVID-related,Moderna
COVID-related,virus
COVID-related,disinfectant
COVID-19 Symptoms,Anosmia
COVID-19 Symptoms,Fever
COVID-19 Symptoms,Chills
COVID-19 Symptoms,Cough
COVID-19 Symptoms,Shortness of breath
COVID-19 Symptoms,difficulty breathing
COVID-19 Symptoms,Fatigue
COVID-19 Symptoms,Muscle or body aches
COVID-19 Symptoms,Headache
COVID-19 Symptoms,New loss of taste or smell
COVID-19 Symptoms,Sore throat
COVID-19 Symptoms,Congestion or runny nose
COVID-19 Symptoms,nausea or vomiting
COVID-19 Symptoms,Diarrhea
COVID-19 Symptoms,Trouble breathing
COVID-19 Symptoms,Persistent pain
COVID-19 Symptoms,pressure in the chest
COVID-19 Symptoms,New confusion
COVID-19 Symptoms,Inability to wake
COVID-19 Symptoms,Inability to stay awake
COVID-19 Symptoms,Pale skin
COVID-19 Symptoms,blue-colored skin
COVID-19 Symptoms,lips
COVID-19 Symptoms,nail beds
COVID-19 Symptoms,depending on skin tone
COVID-19 Symptoms,telehealth
Travel and outdoor activities ,brain fog
Travel and outdoor activities ,booking
Travel and outdoor activities ,flight
Travel and outdoor activities ,train
Travel and outdoor activities ,hotel
Travel and outdoor activities ,shuttle bus
Travel and outdoor activities ,bus
Travel and outdoor activities ,subway
Travel and outdoor activities ,camping
Travel and outdoor activities ,campervan
Travel and outdoor activities ,fishing
Travel and outdoor activities ,park
Travel and outdoor activities ,zoo
Travel and outdoor activities ,aquarium
Travel and outdoor activities ,tourist attractions
Travel and outdoor activities ,Fenway Park
Travel and outdoor activities ,TD Garden
Travel and outdoor activities ,Boston common
Travel and outdoor activities ,public park
Travel and outdoor activities ,museum
Travel and outdoor activities ,trail
Travel and outdoor activities ,tour
Travel and outdoor activities ,show
Travel and outdoor activities ,bicycles and accessories
Travel and outdoor activities ,vacation
Travel and outdoor activities ,resort
Travel and outdoor activities ,congestion
Travel and outdoor activities ,public transportation
Travel and outdoor activities ,Economic Recovery
COVID-19 recovery,office furniture
COVID-19 recovery,commute
COVID-19 recovery,traffic
COVID-19 recovery,reopen
COVID-19 recovery,recovery
COVID-19 recovery,revive
COVID-19 recovery,return to work
COVID-19 recovery,work permit
COVID-19 recovery,commute
COVID-19 recovery,elevator
COVID-19 recovery,HVAC
COVID-19 recovery,air quality
Retail,clothes
Retail,cosmetics
Retail,beauty
Retail,retail store
Retail,opening hour
Retail,shopping
Retail,Newbury Street
Retail,temporary hour