Covid-19 Related,covid
Covid-19 Related,covid19
Covid-19 Related,covid-19
Covid-19 Related,covid 19
Covid-19 Related,coronavírus
Covid-19 Related,vírus corona
Covid-19 Related,pandemia
Covid-19 Related,quarentena
Covid-19 Related,disseminação da comunidade
Covid-19 Related,distanciamento social
Covid-19 Related,testes de anticorpos
Covid-19 Related,vacina
Covid-19 Related,SARS-CoV-2
Covid-19 Related,cobertura facial
Covid-19 Related,máscara
Covid-19 Related,Pfizer
Covid-19 Related,Moderna
Covid-19 Related,vírus
Covid-19 Related,desinfetante
Covid-19 Symptoms,Anosmia
Covid-19 Symptoms,febre
Covid-19 Symptoms,calafrios
Covid-19 Symptoms,tosse
Covid-19 Symptoms,falta de ar
Covid-19 Symptoms,dificuldade para respirar
Covid-19 Symptoms,fadiga
Covid-19 Symptoms,dores musculares ou no corpo
Covid-19 Symptoms,dor de cabeça
Covid-19 Symptoms,"nova perda de paladar ou cheiro, "
Covid-19 Symptoms,dor de garganta
Covid-19 Symptoms,congestão ou coriza
Covid-19 Symptoms,náusea ou vômito
Covid-19 Symptoms,diarreia
Covid-19 Symptoms,dificuldade para respirar
Covid-19 Symptoms,dor persistente
Covid-19 Symptoms,pressão no peito
Covid-19 Symptoms,Nova confusão
Covid-19 Symptoms,Incapacidade de acordar ou permanecer acordado
Covid-19 Symptoms,Pele pálida
Covid-19 Symptoms,cinza ou azulada
Covid-19 Symptoms,lábios ou leitos ungueais
Covid-19 Symptoms,dependendo do tom da pele
Covid-19 Symptoms,névoa do cérebro
Covid-19 Symptoms,telessaúde
Travel & Outdoor Activities,reserva
Travel & Outdoor Activities,voo
Travel & Outdoor Activities,trem
Travel & Outdoor Activities,hotel
Travel & Outdoor Activities,ônibus
Travel & Outdoor Activities,ônibus
Travel & Outdoor Activities,metrô
Travel & Outdoor Activities,acampamento
Travel & Outdoor Activities,campervan
Travel & Outdoor Activities,pesca
Travel & Outdoor Activities,parque
Travel & Outdoor Activities,zoológico
Travel & Outdoor Activities,aquário
Travel & Outdoor Activities,atrações turísticas
Travel & Outdoor Activities,Fenway Park
Travel & Outdoor Activities,TD Garden
Travel & Outdoor Activities,Boston Common
Travel & Outdoor Activities,parque público
Travel & Outdoor Activities,museu
Travel & Outdoor Activities,trilha
Travel & Outdoor Activities,passeio
Travel & Outdoor Activities,show
Travel & Outdoor Activities,bicicletas e acessórios
Travel & Outdoor Activities,férias
Travel & Outdoor Activities,resort
Travel & Outdoor Activities,congestionamento
Travel & Outdoor Activities,transporte público
Economic Recovery,COVID-19 recuperação
Economic Recovery,mobiliário de escritório
Economic Recovery,comutar
Economic Recovery,trânsito
Economic Recovery,reabrir
Economic Recovery,recuperar
Economic Recovery,reviver
Economic Recovery,voltar ao trabalho
Economic Recovery,autorização de trabalho
Economic Recovery,comutar
Economic Recovery,elevador
Economic Recovery,HVAC
Economic Recovery,qualidade do ar
Retail,roupas
Retail,cosméticos
Retail,beleza
Retail,loja de varejo
Retail,horário de funcionamento
Retail,compras
Retail,Newbury Street
Retail,horário temporário